<?xml version="1.0" encoding="UTF-8"?>

<email>
	<To>neena.vora@capgemini.com</To>
	<From>soham.kasar@capgemini.com</From>
	<CC>anjulata.tembhare@capgemini.com</CC>
	<BCC></BCC>
	<Subject>One day leave for collecting documents from college</Subject>
	<Body>I would like to inform you that I require a day of absence on 03th Sep, 2019 . I need to collect my mark-sheet and passing certificate from college as I have to submit them for background verification.
		I have emailed the team my work plan so that there is no delay in the ongoing project. I will resume my work from 19th Aug,2019. I will be grateful to you for considering my leave application.
	</Body>
</email>