<?xml version="1.0" encoding="UTF-8"?>
<employeeDetails>
	<employee>
		<employeeCode>1111</employeeCode>
		<employeeName>
			<firstName>Seema</firstName>
			<lastName>Dalvi</lastName>
		</employeeName>
		<DOJ>09/08/1997</DOJ>
		<totalExperience>12</totalExperience>
		<department>
			<unit>3d</unit>
			<loc>Mumbai</loc>
		</department>
		<designation>
			<one></one>
			<two></two>
			<three></three>
			<four>*</four>
			<five></five>
		</designation>
		<sal>21000</sal>
		<grade>
			<a></a>
			<b>*</b>
			<c></c>
			<d></d>
		</grade>
	</employee>
	<employee>
		<employeeCode>222</employeeCode>
		<employeeName>
			<firstName>Bharti</firstName>
			<lastName>Mantri</lastName>
		</employeeName>
		<DOJ>12/01/1999</DOJ>
		<totalExperience>5</totalExperience>
		<department>
			<unit>4a</unit>
			<loc>Pune</loc>
		</department>
		<designation>
			<one></one>
			<two>*</two>
			<three></three>
			<four></four>
			<five></five>
		</designation>
		<sal>12000</sal>
		<grade>
			<a>*</a>
			<b></b>
			<c></c>
			<d></d>
		</grade>
	</employee>
</employeeDetails>