<?xml version="1.0" encoding="UTF-8"?>
<employeeDetails xmlns:xsi="http://www.w3.org/2001/XMLSchema-instance"

xsi:noNamespaceSchemaLocation="assign4.xsd">
	<employee>
		<empno>7369</empno>
		<ename>Smith</ename>
		<job>Clerk</job>
		<mgr>7902</mgr>
		<hiredate>17-Dec-80</hiredate>
		<sal>1100</sal>
		<comm>200</comm>
		<deptno>20</deptno>
	</employee>
	<employee>
		<empno>7499</empno>
		<ename>Allen</ename>
		<job>Salesman</job>
		<mgr>7698</mgr>
		<hiredate>20-Feb-81</hiredate>
		<sal>1600</sal>
		<comm>200</comm>
		<deptno>20</deptno>
	</employee>
	<employee>
		<empno>7521</empno>
		<ename>Ward</ename>
		<job>Salesman</job>
		<mgr>7698</mgr>
		<hiredate>20-Feb-81</hiredate>
		<sal>1375</sal>
		<comm>24820</comm>
		<deptno>30</deptno>
	</employee>
	<employee>
		<empno>7566</empno>
		<ename>Jones</ename>
		<job>Manager</job>
		<mgr>7839</mgr>
		<hiredate>02-Apr-81</hiredate>
		<sal>3175</sal>
		<comm></comm>
		<deptno>20</deptno>
	</employee>
	<employee>
		<empno>7654</empno>
		<ename>Martin</ename>
		<job>Salesman</job>
		<mgr>7698</mgr>
		<hiredate>28-Sep-81</hiredate>
		<sal>1375</sal>
		<comm>20600</comm>
		<deptno>30</deptno>
	</employee>
	<employee>
		<empno>7698</empno>
		<ename>Blake</ename>
		<job>Manager</job>
		<mgr>7839</mgr>
		<hiredate>01-May-81</hiredate>
		<sal>2850</sal>
		<comm></comm>
		<deptno>30</deptno>
	</employee>
	<employee>
		<empno>7782</empno>
		<ename>Clark</ename>
		<job>Manager</job>
		<mgr>7839</mgr>
		<hiredate>09-Jun-81</hiredate>
		<sal>2450</sal>
		<comm></comm>
		<deptno>10</deptno>
	</employee>
	<employee>
		<empno>7788</empno>
		<ename>Scott</ename>
		<job>Analyst</job>
		<mgr>7566</mgr>
		<hiredate>17-Nov-81</hiredate>
		<sal>5000</sal>
		<comm></comm>
		<deptno>10</deptno>
	</employee>
	<employee>
		<empno>7839</empno>
		<ename>King</ename>
		<job>Prsident</job>
		<mgr></mgr>
		<hiredate>17-Nov-81</hiredate>
		<sal>5000</sal>
		<comm></comm>
		<deptno>10</deptno>
	</employee>
	<employee>
		<empno>7844</empno>
		<ename>Turner</ename>
		<job>Salesman</job>
		<mgr>7698</mgr>
		<hiredate>08-Sep-81</hiredate>
		<sal>1650</sal>
		<comm>23000</comm>
		<deptno>30</deptno>
	</employee>
	<employee>
		<empno>876</empno>
		<ename>Adams</ename>
		<job>Clerk</job>
		<mgr>7788</mgr>
		<hiredate>23-May-87</hiredate>
		<sal>1430</sal>
		<comm>200</comm>
		<deptno>20</deptno>
	</employee>
	<employee>
		<empno>7900</empno>
		<ename>James</ename>
		<job>Clerk</job>
		<mgr>7698</mgr>
		<hiredate>03-Dec-81</hiredate>
		<sal>1045</sal>
		<comm>200</comm>
		<deptno>30</deptno>
	</employee>
	<employee>
		<empno>7902</empno>
		<ename>Ford</ename>
		<job>Analyst</job>
		<mgr>7566</mgr>
		<hiredate>03-Dec-81</hiredate>
		<sal>3200</sal>
		<comm></comm>
		<deptno>20</deptno>
	</employee>
	<employee>
		<empno>7934</empno>
		<ename>Miller</ename>
		<job>Clerk</job>
		<mgr>7782</mgr>
		<hiredate>23-Jan-82</hiredate>
		<sal>1430</sal>
		<comm>200</comm>
		<deptno>10</deptno>
	</employee>
</employeeDetails>